DROP TABLE dizajner IF EXISTS;

CREATE TABLE dizajner (
  idDizajner BIGINT GENERATED BY DEFAULT AS IDENTITY PRIMARY KEY,
  ime VARCHAR(20),
  prezime VARCHAR(30),
  korisnickoIme VARCHAR(20) NOT NULL,
  sifra VARCHAR(20) NOT NULL
);

INSERT INTO dizajner (idDizajner, ime, prezime, korisnickoIme, sifra) VALUES 
(1,'Ana','Petrovic','anapet','anapet'),
(2,'Marko','Jovic','markojov','markojov'),
(3,'Una','Milic','unamil','unamil'),
(4,'Filip','Kostic','filipkos','filipkos');


DROP TABLE sertifikat IF EXISTS;

CREATE TABLE sertifikat (
  idSertifikat BIGINT GENERATED BY DEFAULT AS IDENTITY PRIMARY KEY,
  naziv VARCHAR(50),
  institucija VARCHAR(50)
);

INSERT INTO sertifikat VALUES
(1,'The complete graphic design ma','Skillshare'),
(2,'Adobe graphic designer','Adobe'),
(3,'Google UX Design','Google'),
(4,'Photoshop masterclass','Adobe'),
(5,'Fundamentals of graphic design','Califormia Institute of Arts'),
(6,'Kurs grafickog dizajna','Fakultet primenjenih umetnosti'),
(7,'Photoshop begginers course','Canva');


DROP TABLE kompanija IF EXISTS;

CREATE TABLE kompanija (
  idKompanija BIGINT GENERATED BY DEFAULT AS IDENTITY PRIMARY KEY,
  naziv VARCHAR(40),
  sajt VARCHAR(50)
);

INSERT INTO kompanija VALUES 
(1,'Yettel','https://www.yettel.rs'),
(2,'Decathlon','https://www.decathlon.rs/'),
(3,'Polovni automobili','https://www.polovniautomobili.com/'),
(4,'Tasnolinaa','https://tasnolinatorbice.rs/'),
(7,'Univer Export','https://www.univerexport.rs/');


DROP TABLE marketingmenadzer IF EXISTS;

CREATE TABLE marketingmenadzer (
  idMarketingMenadzer BIGINT GENERATED BY DEFAULT AS IDENTITY PRIMARY KEY,
  ime VARCHAR(20),
  prezime VARCHAR(30),
  telefon VARCHAR(15),
  email VARCHAR(35),
  kompanija BIGINT,
  CONSTRAINT kompanija_fk FOREIGN KEY (kompanija) REFERENCES kompanija(idKompanija)
);

INSERT INTO marketingmenadzer VALUES 
(1,'Jana','Tosic','+38162222222','anatosic@gmail.com',2),
(2,'Mihajlo','Mitrovic','+381633333333','mihajlomit@gmail.com',4),
(3,'Luka','Randjelovic','+381611115555','lukaluka@yettel.com',1),
(5,'Petra','Filipovic','+381611231234','petrafilipovic@gmail.com',7);


DROP TABLE dizajnersertifikat IF EXISTS;

CREATE TABLE dizajnersertifikat (
  dizajner BIGINT NOT NULL,
  sertifikat BIGINT NOT NULL,
  datumIzdavanja DATE NOT NULL,
  PRIMARY KEY (dizajner, sertifikat, datumIzdavanja),
  CONSTRAINT dizajner_fk FOREIGN KEY (dizajner) REFERENCES dizajner(idDizajner),
  CONSTRAINT sertifikat_fk FOREIGN KEY (sertifikat) REFERENCES sertifikat(idSertifikat)
);

INSERT INTO dizajnersertifikat VALUES 
(1,1,'2020-09-08'),
(1,2,'2014-12-03'),
(2,1,'2022-05-11'),
(2,2,'2025-01-01');


DROP TABLE tipvizuala IF EXISTS;

CREATE TABLE tipvizuala (
  idTipVizuala BIGINT GENERATED BY DEFAULT AS IDENTITY PRIMARY KEY,
  naziv VARCHAR(60),
  dimenzije VARCHAR(40),
  modelBoja VARCHAR(20),
  osnovnaCena DOUBLE
);

INSERT INTO tipvizuala VALUES 
(1,'Objava za instagram','1080x1350px','RGB',1000),
(2,'Carousell objava','1080x1350px','RGB',3000),
(3,'Bilbord','4x3m','CMYK',7500);


DROP TABLE evidencijaangazmana IF EXISTS;

CREATE TABLE evidencijaangazmana (
  idEvidencijaAngazmana BIGINT GENERATED BY DEFAULT AS IDENTITY PRIMARY KEY,
  ukupanIznos DOUBLE,
  rok DATE,
  zavrsen BOOLEAN,
  dizajner BIGINT NOT NULL,
  marketingMenadzer BIGINT NOT NULL,
  CONSTRAINT dz_fk FOREIGN KEY (dizajner) REFERENCES dizajner(idDizajner),
  CONSTRAINT mm_fk FOREIGN KEY (marketingMenadzer) REFERENCES marketingmenadzer(idMarketingMenadzer)
);

INSERT INTO evidencijaangazmana 
(idEvidencijaAngazmana, ukupanIznos, rok, zavrsen, dizajner, marketingMenadzer) VALUES 
(1,15000,'2026-08-10',FALSE,2,1),
(2,20000,'2026-07-08',FALSE,3,1),
(3,7500,'2026-06-20',FALSE,1,3),
(4,2000,'2026-06-14',TRUE,4,3);
